Model,Accuracy,Precision,Recall,F1 Score
BERT,0.645,0.6613765822784811,0.645,0.6219258531312188
